101, land, 102, 139, 140
102, land, 101, 103, 139, 140, 141, 142, 143
103, land, 196, 104, 106, 139, 102, 143
103, sea, 143, 1085, 196, 1080
104, land, 195, 105, 194, 106, 103, 196
104, sea, 196, 1085, 1083, 195, 1096, 1090, 1080
105, land, 104, 194, 195,  193, 110, 106
106, sea, 1096, 1090
107, land, 106, 108, 139
108, land, 107, 106, 109, 135, 139
109, land, 106, 108, 135, 134, 110
110, land, 193, 105, 106, 109, 134, 133, 111
110, sea, 193, 111, 133, 134, 178, 132, 134, 1095, 1096, 1090
111, land, 110, 133, 115, 112
111, sea, 11201, 133, 178, 132, 134, 110, 1095, 1090
112, land, 111, 115, 114, 113
112, north, 111, 1095, 11301, 1095, 1090
112, south, 115, 11303, 1102, 1103, 1100
113, land, 112, 114, 128
113, north, 11201, 128, 1095, 1093, 1090
113, south, 11203, 128, 1103, 1093, 1100, 1090
114, land, 112, 113
115, land, 116, 132, 133, 111, 112
115, sea, 116, 1113, 1102, 11203, 1110, 1100
116, land, 117, 132, 115
116, sea, 1113, 117, 115, 1110
117, land, 121, 132, 116
117, sea, 12102, 116, 1112, 1113, 1110
118, sea, 137, 165, 168, 151, 185, 138
119, land, 151, 148
120, land, 159, 160, 232
120, sea, 159, 232, 1202, 1200
121, land, 180, 123, 192, 130, 131, 132, 117
121, east, 117, 1112, 1111, 179, 1110
121, south, 179, 180, 1111, 1110
123, land, 125, 129, 130, 192, 121, 180, 124
123, south, 180, 124, 1121, 1120
123, west, 124, 1124, 12503, 1120
124, land, 123
124, sea, 1121, 1124, 1120, 12303, 12304
125, land 126, 181, 123, 129
125, south, 181, 12304, 1131, 1124, 1130, 1120
125, north, 12601, 129, 1184, 1182, 1183, 1180
126, land, 125, 127, 181
126, south, 181, 127, 1131, 1134, 1130
126, north, 1184, 1171, 127, 12501, 1180, 1170
127, land, 126
127, sea, 12601, 12603, 1171, 1172, 1134, 1130, 1170
128, land, 113
128, sea, 11301, 11303, 1093, 1090
129, land, 125, 182, 137, 130, 123
129, sea, 12501, 1183, 182, 1180
130, land, 123, 129, 137, 183, 131, 121, 192
131, land, 130, 183, 136, 184, 135, 132, 121
132, land, 131, 135, 134, 178, 133, 115, 116, 117, 121
132, sea, 134, 110, 178, 133, 111, 1095, 1090
133, land, 178, 134, 110, 111, 115, 132
133, sea, 1095, 111, 178, 132, 134, 110, 1090
134, land, 132, 135, 109, 110, 133, 178
134, sea, 132, 178, 133, 110, 111, 1095, 1090
135, land, 132, 131, 136, 139, 108, 109, 134
136, land, 131, 130, 137, 138, 139, 135, 184, 183
137, land, 129, 130, 136, 138, 118, 165, 164, 182, 183
137, sea, 182, 164, 1183, 1180
138, land, 118, 185, 151, 186, 140, 197, 139, 136, 137
139, land, 135, 136, 138, 197, 140, 101, 102, 103, 106, 107, 108
140, land, 101, 102, 141, 150, 186, 138, 197, 139
141, land, 102, 140, 150, 187, 148 142
142, land, 144, 143, 102, 141, 148, 146, 149
142, sea, 148, 145, 146, 149, 144, 1083, 1080
143, land, 103, 102, 142, 144
143, sea, 1085, 1083, 144, 103, 1080
144, land, 143, 142, 149
144, sea, 1083, 149, 142, 148, 146, 145, 1080
145, land, 146, 147, 148
145, sea, 146, 148, 142, 149, 144, 1083, 1080
146, land, 147, 148, 145, 142, 149
146, sea, 145, 148, 142, 149, 144, 1083, 1084, 1080
147, land, 146, 145, 148, 156, 190, 157, 189
147, sea, 146, 157, 1084, 1054, 1053, 1080, 1050
148, land, 142, 141, 187, 150, 152, 188, 153, 119, 156, 147, 145, 146
148, sea, 145, 146, 149, 144, 142, 1083, 1080
149, land, 146, 144, 142
149, sea, 144, 142, 148, 145, 146, 1083, 1080
150, land, 187, 141, 140, 186, 151, 152
151, land, 150, 140, 186, 138, 185, 118, 168, 152
152, land, 150, 151, 168, 174, 175, 153, 188, 148
152, sea, 175, 153, 1203, 1200
153, land, 152, 188, 148, 119, 156
153, sea, 152, 1203, 156, 1200
154, land, 155
154, sea, 155, 1203, 1202, 1200
155, land, 154, 156, 159
155, sea, 1203, 1202, 154, 159, 156
156, land, 153, 148, 147, 190, 160, 159, 155
156, sea, 153, 155, 1203, 1202, 1200
157, land, 147, 189, 190, 158, 199
157, sea, 147, 199, 158, 1053, 1052, 1050
158, land, 157, 199, 190, 160, 240, 239, 191
158, sea, 139, 199, 157, 1052, 1051, 1032, 1050, 1030
159, land, 120, 160, 156, 155
159, sea 155, 1202, 120, 1200
160, land, 120, 159, 156, 190, 158, 240, 232
161, land, 162, 170
161, sea, 162, 1182, 1184, 1185, 1181, 170, 1180
162, land, 161, 170, 166, 163
162, sea, 163, 161, 1182, 1180
163, land, 162, 166, 164
163, sea, 162, 164, 1183, 1182, 1180
164, land, 163, 166, 165, 137
164, sea, 163, 137, 1183, 1180
165, land, 164, 166, 167, 168, 118, 137
166, land, 162, 163, 164, 165, 167, 170
167, land, 165, 166, 170, 169, 168
168, land, 118, 151, 152, 174, 169, 167, 165, 198
169, land, 170, 171, 174, 168, 198, 167
170, land, 161, 162, 166, 167, 169, 171
170, sea, 161, 171, 1181, 1180
171, land, 170, 169, 174, 172
171, sea, 17203, 170, 1181, 1180
172, land, 171, 183, 174
172, north, 173, 174, 1203, 1200
172, south, 171, 173, 1181, 1204, 1180, 1200
173, land, 172
173, sea, 1203, 1304, 1200
174, land, 152, 168, 169, 171, 172, 175
174, sea, 17201, 175, 1203, 1200
175, land, 174, 152
175, sea, 174, 152, 1203, 1200
176, sea, 1123, 1120
177, sea, 1122, 1123, 1120
178, land, 132, 134, 133
178, sea, 132, 134, 133, 110, 111, 1095, 1090
179, land, 121
179, sea, 12102, 12103, 1111, 1110
180, land, 123, 121
180, sea, 12303, 12103, 1121, 1111, 1116, 1120, 1110
181, land, 125, 126
181, sea, 12503, 12603, 1131, 1130
182, land, 129, 137
182, sea, 129, 137, 1183, 1180
183, land, 130, 137, 136, 131
184, land, 131, 136
185, land, 118, 151, 138
186, land, 138, 151, 140, 150
187, land, 150, 141, 148
188, land, 148, 152, 153
189, land, 147, 157
190, land, 156, 157, 158, 160
191, land, 240, 239, 158
192, land, 123, 130, 121
193, land, 110, 105
193, sea, 110, 105, 1096, 1090
194, land, 105, 104
195, land, 105, 104
195, sea, 105, 104, 1096, 1090
196, land, 103, 104
196, sea, 103, 104, 1085, 1080
197, land, 138, 139, 140
198, land, 169, 168
199, land, 157, 158
199, sea, 157, 158, 1052, 1050
200, sea, 1184, 1182, 1180
201, sea, 1012, 1011, 1010
202, sea, 1013, 1014, 1015, 1010
203, land, 257, 204
203, north, 20401, 257, 1014, 1015, 1010
203, south, 20402, 257, 1021, 1022, 1020
204, land, 203, 256, 269, 205, 268
204, north, 256, 20301, 1015, 1010
204, east, 20303, 268, 1021, 1020
204, west, 269, 256, 1261, 1260
205, land, 258, 269, 204, 268, 265, 224
205, east, 268, 265, 1021, 1020
205, west, 258, 269, 1261, 1260
206, land, 220, 207
206, sea, 220, 207, 1021, 1020
207, land, 206, 208, 220
207, sea, 206, 208, 1021, 1020
208, land, 207, 220, 219, 209
208, sea, 207, 209, 1021, 1022, 1020
209, land, 267, 219, 208
209, sea, 267, 208, 1022, 1024, 1020
210, land, 211, 267, 219
210, sea, 211, 267, 1024, 1034, 1030, 1020
211, land, 212, 218, 219, 210
211, sea, 212, 210, 1034, 1030
212, land, 235, 246, 213, 216, 218, 211
212, sea, 211, 235, 1034, 1030
213, land, 246, 235, 247, 234, 216, 212
214, land, 262, 215, 215, 225
214, north, 21503, 1223, 262, 1220
214, south, 225, 262, 1223, 1224, 1220
215, land, 214, 216, 217, 221, 263, 222
215, north, 221, 1221, 263, 1220
215, south, 22203, 1223, 21401, 1220
216, land, 215, 217, 218, 212, 213, 234, 225, 215
217, land, 215, 216, 218, 219, 221
218, land, 211, 212, 216, 217, 219
219, land, 210, 211, 218, 217, 221, 220, 208, 209, 267
220, land, 219, 221, 224, 265, 206, 207, 208
220, sea, 1021, 265, 206, 1020
221, land, 215, 217, 219, 220, 224, 264
221, sea, 264, 21501, 1221, 1220
222, land, 263, 215, 223
222, north, 223, 263, 1222, 1220
222, south, 223, 21503, 1223, 1220
223, land, 222
223, sea, 22201, 1222, 1225, 1223, 22203
224, land, 265, 205, 258, 259, 264, 221, 220
224, sea, 221, 264, 259, 258, 20504, 1221, 1263, 1261, 1220, 1260
225, land, 214, 216, 234, 266, 226
225, sea, 226, 266, 21403, 1224, 1220
226, land, 225, 266, 233, 227
226, sea, 266, 225, 1224, 227, 1220
227, land, 226, 233, 228
227, sea, 228, 226, 1224, 1220
228, land, 227, 229, 231, 232, 233
228, sea, 229, 227, 1224, 1220
229, land, 230, 231, 228
229, sea, 23004, 1225, 1224, 228, 1220
230, land, 243, 231, 229
230, west, 229, 243, 1225 1220
230, south, 243, 231, 1201, 1202, 1200
231, land, 230, 232, 228, 229
231, sea, 23003, 232, 1202, 1200
232, land, 231, 228, 233, 242, 241, 240, 160, 120
232, sea, 232, 1202, 231, 1200
233, land, 266, 226, 227, 228, 232, 242, 237, 236, 234
234, land, 266, 233, 236, 247, 213, 216, 225
234, sea, 235, 247, 1033, 1030
235, land, 212, 246, 213, 247, 234
235, sea, 212, 1034, 1033, 247, 234, 1030
236, land, 234, 233, 237
236, sea, 237, 234, 1033, 1030
237, land, 233, 236, 238, 239, 240, 241, 242
237, sea, 236, 1033, 238, 1030
238, land, 237, 239
238, sea, 237, 239, 1033, 1030
239, land, 237, 238, 191, 158, 240
239, sea, 158, 238, 1032, 1033, 1030
240, land, 160, 158, 191, 239, 237, 241, 232
241, land, 237, 240, 232, 242
242, land, 237, 241, 232, 233
243, land, 230
243, sea, 23003, 1201, 1226, 1225, 23001, 1200, 1220
244, land, 245
244, sea, 1201, 1202, 245, 1200
245, land, 244
245, sea, 1201, 1202, 244, 1200
246, land, 212, 213, 235
247, land, 213, 235, 234
247, sea, 234, 235, 1033, 1030
248, sea, 1263, 1227, 1260, 1220
249, sea, 1253, 1254, 1250
250, land, 251
250, sea, 25104, 25102, 1261, 1260
251, land, 250, 252
251, east, 1261, 1262, 250, 252, 1260
251, west, 1252, 1251, 250, 252, 1261, 1260, 1250
252, land, 251
252, sea, 1252, 1262, 25102, 25104, 1250, 1260
253, sea, 1262, 1252, 1253, 1250, 1260
254, sea, 1253, 1262, 1263, 1260, 1250
255, sea, 1253, 1263, 1227, 1241, 1220, 1240, 1250, 1260
256, land, 204
256, sea, 20401, 20404, 1015, 1261, 1010, 1260
257, land, 203
257, sea, 20301, 20303, 1014, 1022, 1010, 1020
258, land, 224, 205
258, sea, 1261, 1262, 1263, 1260, 20504, 224, 1260
259, land, 224
259, sea, 224, 1221, 1263, 1227, 1220, 1260
260, land, 261
260, sea, 1221, 1222, 1225, 1227, 1220
261, land, 260
261, sea, 1221, 1222, 260, 1220
262, land, 214
262, sea, 21401, 21403, 1223, 1224, 1225, 1220
263, land, 215, 222
263, sea, 21501, 22201, 1221, 1222, 1220
264, land, 224, 221
264, sea, 221, 224, 1221, 1220
265, land, 205, 225, 220
265, sea, 220, 20502, 1021, 1020
266, land, 225, 226, 233, 234
266, sea, 225, 226, 1224, 1220
267, land, 210, 219, 209
267, sea, 210, 209, 1024, 1020
268, land, 205, 204
268, sea, 20502, 20402, 1021, 1020
269, land, 204, 205
269, sea, 20404, 20504, 1261, 1260
301, land, 302, 305, 336
301, north, 30201, 336, 1226, 1225, 1227, 1220
301, south, 2005, 30202, 30504
302, land, 301, 3030, 306, 337
302, north, 30101, 337, 1227, 1220
302, east, 30103, 2005, 303
303, land, 302, 304, 318, 319, 306
303, sea, 304, 30202, 2005
304, land, 303, 343, 305, 342, 307, 318
304, sea, 343, 2005, 303
305, land, 301, 336, 343, 304, 342, 344
305, north, 336, 344, 1226, 1220
305, east, 342, 344, 1201, 1205, 1200
305, west, 343, 30104, 2005
306, land, 337, 302, 303, 319, 320
306, sea, 320, 337, 1227, 1242, 1243, 1220, 1240
307, land, 342, 304, 318, 308
307, sea, 308, 342, 1205, 1200
308, land, 310, 309, 315, 316, 317, 318, 307, 341
308, sea, 310, 307, 1205, 1200
309, land, 310, 311, 313, 314, 315, 308
310, land, 308, 341, 309, 311
310, sea, 1204, 1205, 1200, 311, 308
311, land, 310, 309, 313, 312
311, sea, 1204, 1200, 310, 312
312, land, 311, 313, 329, 331
312, sea, 331, 311, 1191, 1186, 1204, 1190, 1180, 1200
313, land, 309, 311, 312, 329, 314
314, land, 309, 313, 329, 328, 315, 340
315, land, 308, 309, 314, 340, 328, 325, 324, 316
316, land, 308, 315, 324, 321, 317
317, land, 308, 316, 321, 320, 319, 318, 326
319, land, 303, 306, 320, 317, 318
320, land, 306, 319, 317, 321, 324, 322
320, sea, 1243, 1240, 322, 306
321, land, 316, 317, 320, 324
322, land, 320, 324, 323
322, sea, 320, 323, 1243, 1240
323, land, 322, 324, 325
323, sea, 322, 325, 1243, 1244, 1232, 1233, 1240, 1230
324, land, 320, 321, 316, 315, 325, 323, 322
325, land, 323, 324, 315, 328, 327
325, sea, 327, 1212, 1211, 1233, 1210, 1230, 323
326, land, 325
326, sea, 1211, 1212, 1210, 325
327, land, 325, 328, 333, 334, 338
327, sea, 333, 338, 334, 325, 1213, 1212, 1210
328, land, 314, 315, 325, 327, 333, 330, 329
329, land, 312, 313, 314, 328, 330, 331
330, land, 328, 329, 331, 339, 332, 333
331, land, 312, 329, 330, 339, 332
331, sea, 332, 312, 1191, 1192, 1190
332, land, 331, 330, 333, 334, 335
332, sea, 1192, 335, 331, 1190
333, land, 327, 338, 328, 330, 332, 334
333, sea, 334, 327, 338, 1213, 1210
334, land, 335, 332, 333, 327
334, sea, 333, 327, 338, 1213, 1214, 335, 1210
335, land, 332, 334
335, sea, 332, 334, 1192, 1194, 1190, 1214, 1210
336, land, 301, 305
336, sea, 30101, 30501, 1226, 1220
337, land, 306, 302
337, sea, 306, 30201, 1227, 1220
338, land, 327, 333
338, sea, 327, 333, 334, 1213, 1210
339, land, 331, 330
340, land, 314, 315
341, land, 308, 310
342, land, 307, 305
342, sea, 307, 30502, 1205, 1200
343, land, 304, 305
343, sea, 2005, 304, 30504
344, land, 305
344, sea, 30501, 30502, 1226, 1201, 1220, 1200
401, land, 403, 411, 410
401, west, 410, 411, 1143, 1142, 1141, 1140
401, north, 411, 40304, 1141, 1132, 1123, 1122, 1120, 1130, 1140
402, sea, 1141, 1145, 1132, 1140, 1130
403, land, 401, 412, 414, 404
403, west, 40101, 412, 1122, 1120
403, east, 412, 414, 40404, 1115, 1116, 1110
404, land, 403, 405, 413, 414
404, west, 40301, 414, 413, 1115, 1110
404, north, 413, 1115, 1113, 1114, 40504, 1110
405, land, 404, 419, 406
405, west, 40401, 419, 1114, 1110
405, north, 419, 1101, 1100, 406
406, land, 405, 415, 407
406, sea, 405, 40703, 1101, 1092, 1100, 1090
407, land, 406, 415, 416, 408, 418, 409
407, north, 416, 1091, 1092, 415, 1090
407, south, 415, 406, 1092, 1090
408, land, 407, 416, 418, 417
408, north, 416, 417, 1091, 1082, 1081, 2002, 1090, 1080
408, east, 417, 418, 2002
409, land, 407, 418
409, sea, 418, 2002, 1073, 1072, 1070
410, land, 401
410, sea, 1143, 40104, 1140
411, land, 401
411, sea, 40104, 1141, 40101, 1140
412, land, 403
412, sea, 40304, 1122, 1123, 1121, 1116, 40302, 1120, 1110
413, land, 404
413, sea, 40404, 1115, 40401, 1110
414, land, 403, 404
414, sea, 40302, 40404, 1115, 1110
415, land, 406, 407
415, sea, 40703, 40701, 1092, 1090
416, land, 407, 408
416, sea, 40701, 40801, 1091, 1090
417, land, 408
417, sea, 40801, 40802, 2002
418, land, 407, 408, 409
418, sea, 40802, 409, 2002
419, land, 405
419, sea, 40504, 1114, 1101, 40501, 1110, 1100
1010, sea, 1011, 1012, 1013, 1014, 1015, 2007, 1251, 1254, 1250, 1261, 1260, 256, 20401, 20301, 257, 201, 202, 1022, 1023, 1020, 1045, 1041, 1040, 2000
1011, sea, 1010, 1012, 1013, 1014, 1015, 201, 2000
1012, sea, 1010, 1011, 1013, 1014, 1015, 201, 2000, 1045, 1040, 1023, 1020
1013, sea, 1010, 1011, 1012, 1014, 1015, 202, 1023, 1020, 1022, 
1014, sea, 1010, 1011, 1012, 1013, 1015, 202, 257, 20301, 1022, 1020
1015, sea, 1010, 1012, 1013, 1014, 1011, 202, 2007, 20301, 20401, 256, 1261, 1260, 1251, 1254, 1250
1020, sea, 1021, 1022, 1023, 1024, 310, 267, 209, 208, 207, 206, 220, 265, 20502, 268, 20402, 20303, 257, 1014, 1013, 1012, 1045, 1044, 1031, 1034, 1010, 1040, 1030
1021, sea, 1020, 1022, 1023, 1024, 20303, 30402, 268, 20502, 265, 220, 206, 207, 208
1022, sea, 1021, 1020, 1023, 1024, 1014, 1010, 257, 20303, 208, 209
1023, sea, 1021, 1022, 1020, 1024, 1045, 1012, 1013, 1010, 1040
1024, sea, 1021, 1022, 1023, 1020, 1045, 1044, 1040, 1031, 1034, 1030, 210, 267, 209
1030, sea, 1031, 1032, 1033, 1034, 1024, 1020, 1044, 1040, 2001, 1051, 1050, 158, 239, 238, 237, 236, 234, 247, 235, 212, 211, 210
1031, sea, 1030, 1032, 1033, 1034, 1024, 1020, 1044, 1040, 2001
1032, sea, 1031, 1030, 1033, 1034, 2001, 1051, 1050, 158, 239
1033, sea, 1031, 1032, 1030, 1034, 239, 238, 237, 236, 234, 247, 235
1034, sea, 1031, 1032, 1033, 1030, 1024, 1020, 210, 211, 212, 235
1040, sea, 1041, 1042, 1043, 1044, 1045, 2000, 1012, 1010, 1023, 1024, 1020, 1031, 1030, 2001, 1064, 1061, 1060, 1071, 1070
1041, sea, 1040, 1042, 1043, 1044, 1045, 2000
1042, sea, 1041, 1040, 1043, 1044, 1045, 1071, 1070, 1061, 1060
1043, sea, 1041, 1042, 1040, 1044, 1045, 1061, 1064, 1060, 2001
1044, sea, 1041, 1042, 1043, 1040, 1045, 2001, 1031, 1030, 1024, 1020
1045, sea, 1041, 1042, 1043, 1044, 1040, 1023, 1024, 1012, 2000, 1020, 1010
1050, sea, 1051, 1052, 1053, 1054, 1032, 1030, 2001, 1064, 1063, 1060, 1084, 1080, 147, 157, 199, 158
1051, sea, 1050, 1052, 1053, 1054, 1064, 1060, 2001, 1032, 1030, 158
1052, sea, 1051, 1050, 1053, 1054, 158, 199, 157, 1063, 1064, 1060
1053, sea, 1051, 1052, 1050, 1054, 147, 157, 1063, 1060
1054, sea, 1051, 1052, 1053, 1050, 147, 1084, 1063, 1080, 1060
1060, sea, 1061, 1062, 1063, 1064, 2001, 1043, 1042, 1040, 1071, 1074, 1070, 1081, 1084, 1080, 1054, 1053, 1052, 1051, 1050
1061, sea, 1060, 1062, 1063, 1064, 1043, 1042, 1040, 1071, 1074, 1070
1062, sea, 1061, 1060, 1063, 1064, 1074, 1070, 1081, 1084, 1080
1063, sea, 1061, 1062, 1060, 1064, 1084, 1080, 1054, 1053, 1052, 1050
1064, sea, 1061, 1062, 1063, 1060, 1052, 1051, 1050, 2001, 1043, 1040
1070, sea, 1071, 1072, 1073, 1074, 1042, 1040, 1061, 1062, 1060, 1081, 1080, 2002, 409
1071, sea, 1070, 1072, 1073, 1074, 1042, 1040, 1061, 1060
1074, sea, 1071, 1070, 1073, 1072, 1061, 1062, 1060, 1081, 1080
1072, sea, 1071, 1070, 1073, 1074, 409
1073, sea, 1071, 1072, 1070, 1074, 2002, 1081, 1080
1080, sea, 1081, 1082, 1083, 1084, 1085, 1054, 1050, 1063, 1062, 1060, 1073, 1074, 1070, 2002, 1091, 1096, 1090, 40801, 104, 196, 103, 143, 144, 142, 148, 145, 146, 149, 147
1081, sea, 1080, 1082, 1083, 1084, 1085, 1062, 1060, 1073, 1074, 1070, 2002, 40801
1082, sea, 1081, 1080, 1083, 1084, 1085, 40801, 1091, 1090
1083, sea, 1081, 1082, 1080, 1084, 1085, 1091, 1096, 1090, 104, 143, 144, 142, 148, 145, 146, 149
1084, sea, 1081, 1082, 1083, 1080, 1085, 1054, 1050, 1063, 1062, 1060, 146
1085, sea, 1081, 1082, 1083, 1084, 1080, 143, 103, 104, 196
1090, sea, 1091, 1092, 1093, 1094, 1095, 1096, 1083, 1082, 1080, 1101, 1103, 1100, 11301, 11303, 128, 11201, 111, 110, 193, 105, 195, 104, 40801, 416, 40701, 40702, 406, 415
1091, sea, 1090, 1092, 1093, 1094, 1095, 1096, 1083, 1082, 1080, 40801, 416, 40701 
1092, sea, 1091, 1090, 1093, 1094, 1095, 1096, 406, 40701, 40702, 415, 1101, 1100
1093, sea, 1091, 1092, 1090, 1094, 1095, 1096, 1101, 1103, 1100, 11301, 11303, 128
1094, sea, 1091, 1092, 1093, 1090, 1095, 1096
1095, sea, 1091, 1092, 1093, 1094, 1090, 1096, 11301, 11201, 111, 110 
1096, sea, 1091, 1092, 1093, 1094, 1095, 1090, 110, 193, 105, 195, 104, 1083, 1080
1100, sea, 1101, 1102, 1103, 115, 11203, 11303, 406, 40501, 419, 1114, 1113, 1110, 1093, 1092, 1090
1101, sea, 1100, 1102, 1103, 1092, 1093, 1090, 406, 40501, 419, 1114, 1110
1102, sea, 1101, 1100, 1103, 115, 11203, 1113, 1114, 1110
1103, sea, 1101, 1102, 1100, 1093, 1090, 11303, 11303
1110, sea, 1111, 1112, 1113, 1114, 1115, 1116, 412, 40302, 414, 40404, 413, 40401, 40504, 419, 1101, 1102, 1100, 115, 116, 117, 12102, 179, 12103, 180, 1121, 1120
1111, sea, 1110, 1112, 1113, 1114, 1115, 1116, 180, 12103, 179, 12102
1112, sea, 1111, 1110, 1113, 1114, 1115, 1116, 12102, 117
1113, sea, 1111, 1112, 1110, 1114, 1115, 1116, 117, 116, 115, 40401, 1102, 1100
1114, sea, 1111, 1112, 1113, 1110, 1115, 1116, 419, 40504, 40401, 1102, 1101, 1100
1115, sea, 1111, 1112, 1113, 1114, 1110, 1116, 40401, 413, 40404, 414, 40302
1116, sea, 1111, 1112, 1113, 1114, 1115, 1110, 40402, 412, 180, 1121, 1120
1120, sea, 1121, 1122, 1123, 1124, 412, 40304, 40101, 1132, 1131, 1130, 12503, 12304, 124, 12303, 180, 1116, 1110, 177, 176
1121, sea, 1120, 1122, 1123, 1124, 412, 1116, 180, 1110, 124, 12303
1122, sea, 1121, 1120, 1123, 1124, 412, 40304, 40101, 177
1123, sea, 1121, 1122, 1120, 1124, 412, 40101, 177, 176
1124, sea, 1121, 1122, 1123, 1120, 12503, 12304, 124
1130, sea, 1131, 1132, 1133, 1134, 1173, 1172, 1170, 127, 12603, 181, 12503, 1124, 1123, 1120, 40101, 402, 1141, 1145, 1140, 2003, 1162, 1160
1131, sea, 1130, 1132, 1133, 1134, 1123, 1124, 1120, 12503, 181, 12603
1132, sea, 1131, 1130, 1133, 1134, 1123, 1120, 1123, 40101, 1141, 402, 1145, 1140, 2003
1133, sea, 1131, 1132, 1130, 1134, 2003, 1173, 1172, 1170, 1162, 1160
1134, sea, 1131, 1132, 1133, 1130, 1172, 1170, 127, 12603
1140, sea, 1141, 1142, 1143, 1144, 1145, 1152, 1151, 1150, 2003, 1132, 1130, 402, 40101, 411, 40104, 410
1141, sea, 1140, 1142, 1143, 1144, 1145, 402, 1132 1130, 40101, 411, 40104
1142, sea, 1141, 1140, 1143, 1144, 1145, 40104
1143, sea, 1141, 1142, 1140, 1144, 1145, 40104
1144, sea, 1141, 1142, 1143, 1140, 1145, 1152, 1151, 1150, 2003
1145, sea, 1141, 1142, 1143, 1144, 1140, 2003, 1132, 1130, 402
1150, sea, 1151, 1152, 1153, 1154, 1163, 1162, 1160, 2003, 1144, 1140
1151, sea, 1150, 1152, 1153, 1154, 1144, 1140, 2003, 1162, 1160
1152, sea, 1151, 1150, 1153, 1154, 1144, 1140
1153, sea, 1151, 1152, 1150, 1154
1154, sea, 1151, 1152, 1153, 1150, 1163, 1162, 1160 
1160, sea, 1161, 1162, 1163, 1164, 1193, 1190, 1174, 1173, 1170, 1133, 1130, 2003, 1151, 1150, 1154 
1161, sea, 1160, 1162, 1163, 1164, 1173, 1174, 1170, 1193, 1190
1162, sea, 1161, 1160, 1163, 1164, 1173, 1170, 1133, 1130, 2003, 1151, 1154, 1150
1163, sea, 1161, 1162, 1160, 1164, 1154, 1150
1164, sea, 1161, 1162, 1163, 1160, 1193, 1190
1170, sea, 1171, 1172, 1173, 1174, 127, 1134, 1133, 1130, 1162, 1161, 1160, 1193, 1192, 1191, 1190, 1185, 1185, 1180,12601 
1171, sea, 1170, 1172, 1173, 1174, 127, 12601, 1184, 1185, 1180, 1191, 1192, 1190
1172, sea, 1171, 1170, 1173, 1174, 127, 1134, 1133, 1130
1173, sea, 1171, 1172, 1170, 1174, 1133 1330, 1162, 1161, 1160
1174, sea, 1171, 1172, 1173, 1170, 1161, 1160, 1193, 1192, 1190
1180, sea, 1181, 1182, 1183, 1184, 1185, 1186, 200, 12601, 12501, 129, 182, 137, 164, 163, 162, 161, 170, 171, 17203, 1204, 1200, 312, 1191, 1190, 1171, 1170
1181, sea, 1180, 1182, 1183, 1184, 1185, 1186, 1204, 1200, 17203, 171, 170, 161
1182, sea, 1181, 1180, 1183, 1184, 1185, 1186, 161, 162, 163, 200, 12501
1183, sea, 1181, 1182, 1180, 1184, 1185, 1186, 12501, 129, 182, 137, 164, 163
1184, sea, 1181, 1182, 1183, 1180, 1185, 1186, 12501, 12601, 127, 1171, 1170, 200
1185, sea, 1181, 1182, 1183, 1184, 1180, 1186, 1171, 1170, 161, 1191, 1190
1186, sea, 1181, 1182, 1183, 1184, 1185, 1180, 1191, 1190, 312, 1204, 1200
1190, sea, 1191, 1192, 1193, 1194, 1214, 1210, 334, 335, 332, 331, 312, 1186, 1185, 1180, 1171, 1174, 1170, 1161, 1164, 1160
1191, sea, 1190, 1192, 1193, 1194, 331, 312, 1186, 1185, 1180, 1171, 1170
1192, sea, 1191, 1190, 1193, 1194, 1171, 1174, 1170, 335, 332, 331
1193, sea, 1191, 1192, 1190, 1194, 1174, 1170, 1161, 1164, 1160, 1214, 1210
1194, sea, 1191, 1192, 1193, 1190, 1214, 1210, 334, 335
1200, sea, 1201, 1202, 1203, 1204, 1205, 312, 311, 310, 308, 307, 342, 30502, 344, 242, 23003, 231, 232, 120, 159, 155, 154, 153, 152, 175, 174, 17201, 173, 17203, 1226, 1220, 1186, 1181, 1180, 244, 245
1201, sea, 1201, 1202, 1203, 1204, 1205, 30502, 344, 242, 23003, 244, 245
1202, sea, 1201, 1202, 1203, 1204, 1205, 244, 245, 23003, 231, 232, 120, 159, 155, 154
1203, sea, 1201, 1202, 1203, 1204, 1205, 154, 155, 153, 152, 175, 174, 17201, 173 
1204, sea, 1201, 1202, 1203, 1204, 1205, 1186, 1181, 1180, 17203, 173, 310, 311, 312 
1205, sea, 1201, 1202, 1203, 1204, 1205, 301, 308, 307, 342, 30502 
1210, sea, 1211, 1212, 1213, 1214, 1215, 1234, 1233, 1230, 325, 326, 327, 338, 333, 334, 335, 1194, 1193, 1190
1211, sea, 1211, 1212, 1213, 1214, 1215, 1234, 1233, 1230, 325, 326
1212, sea, 1211, 1212, 1213, 1214, 1215, 326, 325, 327
1213, sea, 1211, 1212, 1213, 1214, 1215, 327, 338, 3333, 334
1214, sea, 1211, 1212, 1213, 1214, 1215, 334, 335, 1193, 1194, 1190
1215, sea, 1211, 1212, 1213, 1214, 1215, 1234, 1230
1220, sea, 1221, 1222, 1223, 1224, 1225, 1226, 1227, 1242, 1241, 1240, 255, 1263, 1260, 248, 259, 224, 264, 221, 21501, 263, 260, 261, 263, 22201, 223, 22203, 21503, 21401, 262, 21503, 225, 226, 266, 227, 228, 229, 243, 23004, 1201, 1200, 344, 30501, 336, 30101, 30201, 337, 306
1221, sea, 1220, 1222, 1223, 1224, 1225, 1226, 1227, 259, 224, 264, 221, 21501, 263, 261, 260
1222, sea, 1221, 1220, 1223, 1224, 1225, 1226, 1227, 263, 22201, 223, 260, 261
1223, sea, 1221, 1222, 1220, 1224, 1225, 1226, 1227, 223, 22203, 21503, 21401, 262
1224, sea, 1221, 1222, 1223, 1220, 1225, 1226, 1227, 262, 21403, 225, 266, 226, 227, 228, 229
1225, sea, 1221, 1222, 1223, 1224, 1220, 1226, 1227, 229, 23004, 243, 30101, 262, 223, 260
1226, sea, 1221, 1222, 1223, 1224, 1225, 1220, 1227, 30101, 336, 30501, 344, 1201, 1200, 243
1227, sea, 1221, 1222, 1223, 1224, 1225, 1226, 1220, 30101, 30201, 337, 306, 1242, 1241, 1240, 255, 1263, 1260, 248, 259, 260
1230, sea, 1231, 1232, 1233, 1234, 1235, 1236, 2004, 2006, 1254, 1250, 1241, 1244, 1240, 323, 325, 1211, 1215, 1210
1231, sea, 1230, 1232, 1233, 1234, 1235, 1236, 2006, 1254, 1250, 1241, 1244, 1240
1232, sea, 1231, 1230, 1233, 1234, 1235, 1236, 1244, 1240, 323
1233, sea, 1231, 1232, 1230, 1234, 1235, 1236, 323, 325, 1211, 1210
1234, sea, 1231, 1232, 1233, 1230, 1235, 1236, 1211, 1215, 1210
1235, sea, 1231, 1232, 1233, 1234, 1230, 1236, 2004
1236, sea, 1231, 1232, 1233, 1234, 1235, 1230, 2004, 2006
1240, sea, 1241, 1242, 1243, 1244, 323, 322, 320, 306, 1227, 1220, 255, 1253, 1250, 1254, 1231, 1232, 1230
1241, sea, 1240, 1242, 1243, 1244, 1227, 1220, 255, 1253, 1254, 1250, 1231, 1230
1242, sea, 1241, 1240, 1243, 1244, 1227, 1220, 306
1243, sea, 1241, 1242, 1240, 1244, 306, 320, 322, 323
1244, sea, 1241, 1242, 1243, 1240, 323, 1232, 1230, 1231
1250, sea, 1251, 1252, 1253, 1254, 1261, 1262, 1263, 1260, 25104, 252, 253, 254, 255, 249, 1241, 1240, 1231, 1230, 2006, 2007, 1015, 1010
1251, sea, 1250, 1252, 1253, 1254, 25104, 1015, 1010, 1261, 1260 
1252, sea, 1251, 1250, 1253, 1254, 25104, 252, 1262, 1260, 253
1253, sea, 1251, 1252, 1250, 1254, 249, 253, 1262, 1263, 1260, 254, 255, 1241, 1240
1254, sea, 1251, 1252, 1253, 1250, 249, 1241, 1240, 1231, 1230, 2006, 2007, 1015, 1010
1260, sea, 1261, 1262, 1263, 1251, 1252, 1253, 1250, 1227, 1220, 1015, 1010, 256, 20404, 269, 20504, 258, 224, 259, 250, 25104, 25102, 252, 253, 254, 255
1261, sea, 1261, 1262, 1263, 256, 20404, 269, 20504, 258, 25102, 250, 25104, 1251, 1250
1262, sea, 1261, 1262, 1263, 25102, 252, 1252, 1250, 1253, 258, 253, 254
1263, sea, 1261, 1262, 1263, 254, 255, 1253, 1250, 258, 224, 259, 248, 1227, 1220
2000, sea, 1041, 1045, 1040, 1012, 1011, 1010
2001, sea, 1031, 1032, 1030, 1051, 1050, 1064, 1060, 1043, 1044, 1040
2002, sea, 40801, 417, 40802, 418, 409, 1073, 1070, 1081, 1080 
2003, sea, 1151, 1150, 1162, 1160, 1133, 1132, 1130, 1145, 1144, 1140 
2004, sea, 2006, 1235, 1236, 1230
2005, sea, 30103, 30202, 303, 304, 343, 30504
2006, sea, 1254, 1250, 1231, 1236, 1230
2007, sea, 1254, 1250, 1015, 1010